<?xml version="1.0" encoding="UTF-8"?><InteractionHistory Id="activity" Version="1"><InteractionEvent Delta="added" EndDate="2011-03-23 18:34:51.120 EET" Interest="1.0" Kind="attention" Navigation="" OriginId="org.eclipse.ui.workbench" StartDate="2011-03-23 18:11:10.873 EET" StructureHandle="none" StructureKind="workingset"/><InteractionEvent Delta="added" EndDate="2011-03-23 19:00:09.122 EET" Interest="1.0" Kind="attention" Navigation="" OriginId="org.eclipse.ui.workbench" StartDate="2011-03-23 18:59:39.72 EET" StructureHandle="none" StructureKind="workingset"/><InteractionEvent Delta="added" EndDate="2011-03-23 19:24:53.949 EET" Interest="1.0" Kind="attention" Navigation="" OriginId="org.eclipse.ui.workbench" StartDate="2011-03-23 19:00:09.122 EET" StructureHandle="none" StructureKind="workingset"/><InteractionEvent Delta="added" EndDate="2011-03-23 19:59:52.79 EET" Interest="1.0" Kind="attention" Navigation="" OriginId="org.eclipse.ui.workbench" StartDate="2011-03-23 19:59:22.29 EET" StructureHandle="none" StructureKind="workingset"/><InteractionEvent Delta="added" EndDate="2011-03-23 20:00:22.80 EET" Interest="1.0" Kind="attention" Navigation="" OriginId="org.eclipse.ui.workbench" StartDate="2011-03-23 19:59:52.79 EET" StructureHandle="none" StructureKind="workingset"/><InteractionEvent Delta="added" EndDate="2011-03-23 20:17:27.840 EET" Interest="1.0" Kind="attention" Navigation="" OriginId="org.eclipse.ui.workbench" StartDate="2011-03-23 20:00:22.80 EET" StructureHandle="none" StructureKind="workingset"/><InteractionEvent Delta="added" EndDate="2011-03-23 21:02:43.599 EET" Interest="1.0" Kind="attention" Navigation="" OriginId="org.eclipse.ui.workbench" StartDate="2011-03-23 21:01:12.964 EET" StructureHandle="none" StructureKind="workingset"/><InteractionEvent Delta="added" EndDate="2011-03-23 22:00:16.707 EET" Interest="1.0" Kind="attention" Navigation="" OriginId="org.eclipse.ui.workbench" StartDate="2011-03-23 21:59:43.39 EET" StructureHandle="none" StructureKind="workingset"/><InteractionEvent Delta="added" EndDate="2011-03-23 22:15:40.239 EET" Interest="1.0" Kind="attention" Navigation="" OriginId="org.eclipse.ui.workbench" StartDate="2011-03-23 22:02:03.331 EET" StructureHandle="none" StructureKind="workingset"/><InteractionEvent Delta="added" EndDate="2011-03-23 22:59:55.804 EET" Interest="1.0" Kind="attention" Navigation="" OriginId="org.eclipse.ui.workbench" StartDate="2011-03-23 22:59:21.763 EET" StructureHandle="none" StructureKind="workingset"/><InteractionEvent Delta="added" EndDate="2011-03-23 23:00:25.854 EET" Interest="1.0" Kind="attention" Navigation="" OriginId="org.eclipse.ui.workbench" StartDate="2011-03-23 22:59:55.804 EET" StructureHandle="none" StructureKind="workingset"/><InteractionEvent Delta="added" EndDate="2011-03-23 23:28:44.610 EET" Interest="1.0" Kind="attention" Navigation="" OriginId="org.eclipse.ui.workbench" StartDate="2011-03-23 23:00:25.854 EET" StructureHandle="none" StructureKind="workingset"/><InteractionEvent Delta="added" EndDate="2011-03-23 23:59:58.451 EET" Interest="1.0" Kind="attention" Navigation="" OriginId="org.eclipse.ui.workbench" StartDate="2011-03-23 23:59:27.71 EET" StructureHandle="none" StructureKind="workingset"/><InteractionEvent Delta="added" EndDate="2011-03-24 00:00:28.502 EET" Interest="1.0" Kind="attention" Navigation="" OriginId="org.eclipse.ui.workbench" StartDate="2011-03-23 23:59:58.451 EET" StructureHandle="none" StructureKind="workingset"/><InteractionEvent Delta="added" EndDate="2011-03-24 00:34:56.421 EET" Interest="1.0" Kind="attention" Navigation="" OriginId="org.eclipse.ui.workbench" StartDate="2011-03-24 00:01:56.980 EET" StructureHandle="none" StructureKind="workingset"/><InteractionEvent Delta="added" EndDate="2011-03-24 01:22:38.942 EET" Interest="1.0" Kind="attention" Navigation="" OriginId="org.eclipse.ui.workbench" StartDate="2011-03-24 01:14:28.481 EET" StructureHandle="none" StructureKind="workingset"/><InteractionEvent Delta="added" EndDate="2011-03-24 22:52:55.517 EET" Interest="1.0" Kind="attention" Navigation="" OriginId="org.eclipse.ui.workbench" StartDate="2011-03-24 22:50:54.704 EET" StructureHandle="none" StructureKind="workingset"/><InteractionEvent Delta="added" EndDate="2011-03-24 23:11:15.176 EET" Interest="1.0" Kind="attention" Navigation="" OriginId="org.eclipse.ui.workbench" StartDate="2011-03-24 23:06:01.477 EET" StructureHandle="none" StructureKind="workingset"/><InteractionEvent Delta="added" EndDate="2011-03-25 16:49:41.612 EET" Interest="1.0" Kind="attention" Navigation="" OriginId="org.eclipse.ui.workbench" StartDate="2011-03-25 16:45:02.980 EET" StructureHandle="none" StructureKind="workingset"/></InteractionHistory>